{
  "Homepage" : {
    "transaction" : "Homepage",
    "sampleCount" : 1,
    "errorCount" : 0,
    "errorPct" : 0.0,
    "meanResTime" : 1243.0,
    "medianResTime" : 1243.0,
    "minResTime" : 1243.0,
    "maxResTime" : 1243.0,
    "pct1ResTime" : 1243.0,
    "pct2ResTime" : 1243.0,
    "pct3ResTime" : 1243.0,
    "throughput" : 0.8045052292839903,
    "receivedKBytesPerSec" : 6.520891995172968,
    "sentKBytesPerSec" : 0.36061318382944485
  },
  "Loading Homepage" : {
    "transaction" : "Loading Homepage",
    "sampleCount" : 1,
    "errorCount" : 0,
    "errorPct" : 0.0,
    "meanResTime" : 1243.0,
    "medianResTime" : 1243.0,
    "minResTime" : 1243.0,
    "maxResTime" : 1243.0,
    "pct1ResTime" : 1243.0,
    "pct2ResTime" : 1243.0,
    "pct3ResTime" : 1243.0,
    "throughput" : 0.8045052292839903,
    "receivedKBytesPerSec" : 6.520891995172968,
    "sentKBytesPerSec" : 0.36061318382944485
  },
  "Add to cart" : {
    "transaction" : "Add to cart",
    "sampleCount" : 1,
    "errorCount" : 0,
    "errorPct" : 0.0,
    "meanResTime" : 180.0,
    "medianResTime" : 180.0,
    "minResTime" : 180.0,
    "maxResTime" : 180.0,
    "pct1ResTime" : 180.0,
    "pct2ResTime" : 180.0,
    "pct3ResTime" : 180.0,
    "throughput" : 5.555555555555555,
    "receivedKBytesPerSec" : 6.510416666666667,
    "sentKBytesPerSec" : 4.372829861111112
  },
  "Total" : {
    "transaction" : "Total",
    "sampleCount" : 2,
    "errorCount" : 0,
    "errorPct" : 0.0,
    "meanResTime" : 711.5,
    "medianResTime" : 711.5,
    "minResTime" : 180.0,
    "maxResTime" : 1243.0,
    "pct1ResTime" : 1243.0,
    "pct2ResTime" : 1243.0,
    "pct3ResTime" : 1243.0,
    "throughput" : 1.3908205841446453,
    "receivedKBytesPerSec" : 6.451560326842838,
    "sentKBytesPerSec" : 0.8590761908901252
  },
  "Adding to cart" : {
    "transaction" : "Adding to cart",
    "sampleCount" : 1,
    "errorCount" : 0,
    "errorPct" : 0.0,
    "meanResTime" : 180.0,
    "medianResTime" : 180.0,
    "minResTime" : 180.0,
    "maxResTime" : 180.0,
    "pct1ResTime" : 180.0,
    "pct2ResTime" : 180.0,
    "pct3ResTime" : 180.0,
    "throughput" : 5.555555555555555,
    "receivedKBytesPerSec" : 6.510416666666667,
    "sentKBytesPerSec" : 4.372829861111112
  }
}