{
  "Total" : {
    "transaction" : "Total",
    "sampleCount" : 20,
    "errorCount" : 0,
    "errorPct" : 0.0,
    "meanResTime" : 391.55000000000007,
    "medianResTime" : 269.5,
    "minResTime" : 252.0,
    "maxResTime" : 1126.0,
    "pct1ResTime" : 1021.0000000000006,
    "pct2ResTime" : 1122.0,
    "pct3ResTime" : 1126.0,
    "throughput" : 4.140786749482402,
    "receivedKBytesPerSec" : 4.638570781573499,
    "sentKBytesPerSec" : 0.9017533643892339
  },
  "Create User" : {
    "transaction" : "Create User",
    "sampleCount" : 20,
    "errorCount" : 0,
    "errorPct" : 0.0,
    "meanResTime" : 391.55000000000007,
    "medianResTime" : 269.5,
    "minResTime" : 252.0,
    "maxResTime" : 1126.0,
    "pct1ResTime" : 1021.0000000000006,
    "pct2ResTime" : 1122.0,
    "pct3ResTime" : 1126.0,
    "throughput" : 4.140786749482402,
    "receivedKBytesPerSec" : 4.638570781573499,
    "sentKBytesPerSec" : 0.9017533643892339
  }
}